{"postgres":{"testCase1Postgres":135.66666666666666,"testCase2Postgres":3.6666666666666665},"mongodb":{},"mysql":{},"redis":{}}