{"postgres":{"testCase1Postgres":100.33333333333333,"testCase2Postgres":2.6666666666666665,"testCase3Postgres":20,"testCase4Postgres":19.333333333333332,"testCase5Postgres":20,"testCase6Postgres":2.3333333333333335,"testCase7Postgres":4.666666666666667,"testCase8Postgres":1.6666666666666667,"testCase9Postgres":2.3333333333333335},"mongodb":{},"mysql":{},"redis":{},"mongo":{"testCase1Mongo":0.3333333333333333,"testCase2Mongo":0,"testCase3Mongo":0,"testCase4Mongo":0.3333333333333333,"testCase6Mongo":0,"testCase7Mongo":0,"testCase8Mongo":60.666666666666664,"testCase9Mongo":1.6666666666666667}}