{"postgres":{"testCase1Postgres":137.66666666666666,"testCase2Postgres":1,"testCase3Postgres":27,"testCase4Postgres":23,"testCase5Postgres":26.666666666666668,"testCase6Postgres":7.666666666666667,"testCase7Postgres":6.333333333333333,"testCase8Postgres":1.6666666666666667,"testCase9Postgres":2.6666666666666665},"mongodb":{},"mysql":{},"redis":{"testCase1Redis":186.66666666666666,"testCase2Redis":4.333333333333333,"testCase3Redis":148.66666666666666,"testCase4Redis":4,"testCase5Redis":263.6666666666667,"testCase6Redis":165.33333333333334,"testCase7Redis":305.6666666666667,"testCase8Redis":2.3333333333333335},"mongo":{"testCase1Mongo":1882.3333333333333,"testCase2Mongo":6,"testCase3Mongo":373.6666666666667,"testCase4Mongo":60.666666666666664,"testCase5Mongo":2203.3333333333335,"testCase6Mongo":108.33333333333333,"testCase7Mongo":56.333333333333336,"testCase8Mongo":73.66666666666667,"testCase9Mongo":1.6666666666666667}}