{"postgres":{"testCase1Postgres":120.66666666666667,"testCase2Postgres":1.3333333333333333,"testCase3Postgres":26,"testCase4Postgres":22,"testCase5Postgres":21,"testCase6Postgres":6,"testCase7Postgres":5.333333333333333,"testCase8Postgres":1.6666666666666667,"testCase9Postgres":4},"mongodb":{},"mysql":{},"redis":{"testCase1Redis":194.66666666666666,"testCase2Redis":3,"testCase3Redis":144,"testCase4Redis":1.6666666666666667,"testCase5Redis":234,"testCase6Redis":144.66666666666666,"testCase7Redis":171.33333333333334,"testCase8Redis":3},"mongo":{"testCase1Mongo":1405.3333333333333,"testCase2Mongo":6,"testCase3Mongo":293.6666666666667,"testCase4Mongo":56.333333333333336,"testCase6Mongo":1.3333333333333333,"testCase7Mongo":0.6666666666666666,"testCase8Mongo":61.666666666666664,"testCase9Mongo":1.3333333333333333}}