{"postgres":{"testCase1Postgres":122.66666666666667,"testCase2Postgres":2.3333333333333335,"testCase3Postgres":29,"testCase4Postgres":17.333333333333332,"testCase5Postgres":18,"testCase6Postgres":4,"testCase7Postgres":5.666666666666667,"testCase8Postgres":1.3333333333333333,"testCase9Postgres":2},"mongodb":{},"mysql":{},"redis":{"testCase1Redis":149.33333333333334,"testCase2Redis":4,"testCase3Redis":133.66666666666666,"testCase4Redis":1.6666666666666667,"testCase5Redis":254,"testCase6Redis":141,"testCase7Redis":138.66666666666666,"testCase8Redis":2.3333333333333335},"mongo":{"testCase1Mongo":1332.6666666666667,"testCase2Mongo":0,"testCase3Mongo":329,"testCase4Mongo":51.333333333333336,"testCase6Mongo":0,"testCase7Mongo":0,"testCase8Mongo":56,"testCase9Mongo":3}}