{"postgres":{"testCase1Postgres":1374.3333333333333,"testCase2Postgres":16.333333333333332,"testCase3Postgres":295.3333333333333,"testCase4Postgres":330.1666666666667,"testCase5Postgres":436.8333333333333,"testCase6Postgres":46.333333333333336,"testCase7Postgres":19.833333333333332,"testCase8Postgres":16.833333333333332,"testCase9Postgres":12.333333333333334},"mongodb":{},"mysql":{},"redis":{"testCase1Redis":1871.5,"testCase2Redis":27},"mongo":{"testCase1Mongo":19624.5,"testCase2Mongo":0.6666666666666666,"testCase3Mongo":3297.8333333333335,"testCase4Mongo":139.5,"testCase6Mongo":0,"testCase7Mongo":0.16666666666666666,"testCase8Mongo":172.66666666666666,"testCase9Mongo":13.666666666666666}}