{"postgres":{"testCase1Postgres":220.33333333333334,"testCase2Postgres":2.3333333333333335,"testCase3Postgres":103.33333333333333,"testCase4Postgres":83.33333333333333,"testCase5Postgres":35.666666666666664,"testCase6Postgres":8.666666666666666,"testCase7Postgres":7,"testCase8Postgres":48,"testCase9Postgres":56},"mongo":{"testCase1Mongo":716.3333333333334,"testCase2Mongo":5.333333333333333,"testCase3Mongo":171.66666666666666,"testCase4Mongo":32.333333333333336,"testCase5Mongo":791,"testCase6Mongo":47.333333333333336,"testCase7Mongo":31,"testCase8Mongo":35.666666666666664,"testCase9Mongo":2.3333333333333335},"mysql":{"testCase1MySQL":101.66666666666667,"testCase2MySQL":4.333333333333333,"testCase3MySQL":27,"testCase4MySQL":19.666666666666668,"testCase5MySQL":58.666666666666664,"testCase6MySQL":1.3333333333333333,"testCase7MySQL":8,"testCase8MySQL":1.3333333333333333,"testCase9MySQL":1.3333333333333333},"redis":{"testCase1Redis":455.6666666666667,"testCase2Redis":6.666666666666667,"testCase3Redis":506,"testCase4Redis":321,"testCase5Redis":736.6666666666666,"testCase6Redis":433,"testCase7Redis":436.3333333333333,"testCase8Redis":2,"testCase9Redis":331.3333333333333}}